idfalso,DELITO,DIRECCION,CANTIDAD,ZONA,SUB ZONA,SUB ZONA 1,SUB ZONA 2,MES,Nueva Direccion
1,AGRECION,AV. CUSCO N° 112,4,II,A,,,1,DISTRITO DE SAN JUAN BAUTISTA
2,AGRECION,FRONTIS DE COLEGIO SAN JUAN,1,I,C,,,1,DISTRITO DE SAN JUAN BAUTISTA
3,AGRECION,JR. HAVIER HERAUD,1,II,C,,,1,DISTRITO DE SAN JUAN BAUTISTA
4,AGRECION,JR. LOS ALAMOS MZ. H LT. 06,2,II,B,,,1,DISTRITO DE SAN JUAN BAUTISTA
5,APOYO CIUDADANO,ASOC. LOS LICENCIADOS ,2,IV,B,,,1,DISTRITO DE SAN JUAN BAUTISTA
6,APOYO CIUDADANO,AV. ARENALES N° 282,1,II,C,,,1,DISTRITO DE SAN JUAN BAUTISTA
7,APOYO CIUDADANO,PARQUE MIRAFLORES,1,IV,A,,,1,DISTRITO DE SAN JUAN BAUTISTA
8,ATROPELLO,AV. LUIS CARRANZA ,2,I,B,,,1,DISTRITO DE SAN JUAN BAUTISTA
9,ATROPELLO,GRIFO LAS AMERICAS,1,IV,B,,,1,DISTRITO DE SAN JUAN BAUTISTA
10,CHOQUE DE VEHICULOS,AV. RAMON CASTILLA,2,I,A,,,1,DISTRITO DE SAN JUAN BAUTISTA
11,CHOQUE DE VEHICULOS,CURVA WARPA PICCHU,1,IV,B,,,1,DISTRITO DE SAN JUAN BAUTISTA
12,CHOQUE DE VEHICULOS,JR. LOS ALAMOS MZ. H LT. 07,1,II,B,,,1,DISTRITO DE SAN JUAN BAUTISTA
13,DROGADICCION,ASOC. LOS LICENCIADOS ,1,IV,B,,,1,DISTRITO DE SAN JUAN BAUTISTA
14,FALTA CONTRA LA PER.,AV. LA VICTORIA ,2,II,A,,,1,DISTRITO DE SAN JUAN BAUTISTA
15,FALTA CONTRA LA PER.,AV. SANTA ROSA,2,,,,,1,DISTRITO DE SAN JUAN BAUTISTA
16,FALTA CONTRA LA PER.,PARQUE MIRAFLORES,1,IV,A,,,1,DISTRITO DE SAN JUAN BAUTISTA
17,INCENDIO,JR. OME ,1,III,A,,,1,DISTRITO DE SAN JUAN BAUTISTA
18,NIÑO ABANDONADO,AV. CUSCO,1,II,A,,,1,DISTRITO DE SAN JUAN BAUTISTA
19,NIÑO ABANDONADO,AV. LUIS CARRANZA ,2,I,B,,,1,DISTRITO DE SAN JUAN BAUTISTA
20,NIÑO ABANDONADO,KEIKO SOFIA,1,IV,A,,,1,DISTRITO DE SAN JUAN BAUTISTA
21,PELEA CALLEJERA,AV. LUIS CARRANZA ,1,I,B,,,1,DISTRITO DE SAN JUAN BAUTISTA
22,PELEA CALLEJERA,PSJ. LIBERTAD,1,,,,,1,DISTRITO DE SAN JUAN BAUTISTA
23,VEHICULO ABANDONADO,AV. FRANCISCO MELENDEZ,2,,,,,1,DISTRITO DE SAN JUAN BAUTISTA
24,VEHICULO ABANDONADO,WARI SUR,1,III,B,,,1,DISTRITO DE SAN JUAN BAUTISTA
25,VIOLENCIA FAMILIAR,ASOC. LAS AMERICAS ,2,II,A,,,1,DISTRITO DE SAN JUAN BAUTISTA
26,VIOLENCIA FAMILIAR,AV. ARENALES,2,II,C,,,1,DISTRITO DE SAN JUAN BAUTISTA
27,VIOLENCIA FAMILIAR,AV. CUSCO ,1,II,A,,,1,DISTRITO DE SAN JUAN BAUTISTA
28,VIOLENCIA FAMILIAR,AV. CUSCO N°112,1,II,A,,,1,DISTRITO DE SAN JUAN BAUTISTA
29,VIOLENCIA FAMILIAR,AV. LAS ORQUIDEAS,2,,,,,1,DISTRITO DE SAN JUAN BAUTISTA
30,VIOLENCIA FAMILIAR,JR. LA MERCED,1,,,,,1,DISTRITO DE SAN JUAN BAUTISTA
31,VIOLENCIA FAMILIAR,JR. POKRAS,1,,,,,1,DISTRITO DE SAN JUAN BAUTISTA
32,VIOLENCIA FAMILIAR,VILLA LOS WARPAS MZ. F LT. 34,1,IV,A,,,1,DISTRITO DE SAN JUAN BAUTISTA
33,ALCOHOLISMO,JR. LA MAR,2,I,A,,,1,DISTRITO DE SAN JUAN BAUTISTA
34,NIÑO ABANDONADO,GRIFO LAS AMERICAS,2,IV,B,,,1,DISTRITO DE SAN JUAN BAUTISTA
35,PELEA CALLEJERA,AV. FRANCISCO BOLOGNESI,2,,,,,1,DISTRITO DE SAN JUAN BAUTISTA
36,PERSSONA EXTRAVIADA,AV. LAS MALVINAS,2,I,B,,,1,DISTRITO DE SAN JUAN BAUTISTA
37,ROBO,AV. JAVIER HERAUD,2,II,C,,,1,DISTRITO DE SAN JUAN BAUTISTA
38,VIOLENCIA FAMILIAR,AV. SAN FRANCISCO MZ. Z LT. 03,2,III,A,,,1,DISTRITO DE SAN JUAN BAUTISTA
39,VIOLENCIA FAMILIAR,KEIKO SOFIA MZ. I LT. 02,2,IV,A,,,1,DISTRITO DE SAN JUAN BAUTISTA
40,SECUESTRO,PARQUE MIRAFLORES,3,IV ,A,,,1,DISTRITO DE SAN JUAN BAUTISTA
41,VIOLENCIA FAMILIAR,JR. JOSE SANTOS ATAHUALPA,3,II,A,,,1,DISTRITO DE SAN JUAN BAUTISTA
42,VIOLENCIA FAMILIAR,WARI SUR,3,III,B,,,1,DISTRITO DE SAN JUAN BAUTISTA
43,AGRECION,AV. BOLOGNESI,1,II,A,,,2,DISTRITO DE SAN JUAN BAUTISTA
44,AGRECION,AV. SANTA ROSA,1,III,,B,,2,DISTRITO DE SAN JUAN BAUTISTA
45,AGRECION,JR. ESPAÑA,1,I,,B,,2,DISTRITO DE SAN JUAN BAUTISTA
46,AGRECION,JR. JOSE CARLOS MARIATEGUI,1,,,,,2,DISTRITO DE SAN JUAN BAUTISTA
47,AGRECION,JR. LOS OLIVOS,3,III,A,,,2,DISTRITO DE SAN JUAN BAUTISTA
48,ALCOHOLISMO,PARQUE QUIÑONES,3,II,A,,,2,DISTRITO DE SAN JUAN BAUTISTA
49,APOYO CIUDADANO,JR. LA MERCED,2,,,,,2,DISTRITO DE SAN JUAN BAUTISTA
50,CHOQUE DE VEHICULOS,AV. ALFONSO UGARTE,1,II,A,,,2,DISTRITO DE SAN JUAN BAUTISTA
51,CHOQUE DE VEHICULOS,JR. CALVARIO,1,,,,,2,DISTRITO DE SAN JUAN BAUTISTA
52,CHOQUE DE VEHICULOS,JR. SUCRE - PUCA PUCA,1,III,,,C,2,DISTRITO DE SAN JUAN BAUTISTA
53,CHOQUE DE VEHICULOS,JR.LA MAR,2,I,A,,,2,DISTRITO DE SAN JUAN BAUTISTA
54,CHOQUE DE VEHICULOS,PARQUE MIRAFLORES,1,IV,A,,,2,DISTRITO DE SAN JUAN BAUTISTA
55,CHOQUE DE VEHICULOS,PARQUE QUIÑONES,1,II,A,,,2,DISTRITO DE SAN JUAN BAUTISTA
56,FALTA CONTRA LA PER.,AV. FINLANDIA,2,,,,,2,DISTRITO DE SAN JUAN BAUTISTA
57,FALTA CONTRA LA PER.,AV. FRANCISCO BOLOGNESI,1,II,A,,,2,DISTRITO DE SAN JUAN BAUTISTA
58,FALTA CONTRA LA PER.,AV. MACCHU PICCHU,1,,,,,2,DISTRITO DE SAN JUAN BAUTISTA
59,FALTA CONTRA LA PER.,JR. LOS LAURELES,1,,,,,2,DISTRITO DE SAN JUAN BAUTISTA
60,FALTA CONTRA LA PER.,LOZA EL HUECO,1,II,A,,,2,DISTRITO DE SAN JUAN BAUTISTA
61,HURTO,SAN LUIS DE TINAJERAS,1,III,A,,,2,DISTRITO DE SAN JUAN BAUTISTA
62,NIÑO ABANDONADO,AV. LAS MALVINAS ,1,I,,B,,2,DISTRITO DE SAN JUAN BAUTISTA
63,NIÑO ABANDONADO,JR. EL BOSQUE,2,,,,,2,DISTRITO DE SAN JUAN BAUTISTA
64,NIÑO ABANDONADO,JR. JORGE BASADRE,1,IV ,A,,,2,DISTRITO DE SAN JUAN BAUTISTA
65,ROBO,JR. CAHUIDE,1,,,,,2,DISTRITO DE SAN JUAN BAUTISTA
66,ROBO,LOS ALAMOS,1,,,,,2,DISTRITO DE SAN JUAN BAUTISTA
67,VEHICULO ABANDONADO,AV. LOS INCAS,1,I,,,C,2,DISTRITO DE SAN JUAN BAUTISTA
68,VIOLENCIA FAMILIAR,APROVISA MZ. D LT. 02,1,II,,,C,2,DISTRITO DE SAN JUAN BAUTISTA
69,VIOLENCIA FAMILIAR,ASOC. LOS POKRAS,1,III,A,,,2,DISTRITO DE SAN JUAN BAUTISTA
70,VIOLENCIA FAMILIAR,AV. JOSE CARLOS MARIATEGUI,2,I,,,C,2,DISTRITO DE SAN JUAN BAUTISTA
71,VIOLENCIA FAMILIAR,AV. LAS CASUARINAS,2,II,,B,,2,DISTRITO DE SAN JUAN BAUTISTA
72,VIOLENCIA FAMILIAR,AV. SANTA ROSA MZ Y LT 10 ,1,III,,B,,2,DISTRITO DE SAN JUAN BAUTISTA
73,VIOLENCIA FAMILIAR,JR. CRISTO REY N°240,2,IV,,B,,2,DISTRITO DE SAN JUAN BAUTISTA
74,VIOLENCIA FAMILIAR,JR. ROSALES,1,,,,,2,DISTRITO DE SAN JUAN BAUTISTA
75,VIOLENCIA FAMILIAR,JT. YAUYOS,2,II,,,C,2,DISTRITO DE SAN JUAN BAUTISTA
76,VIOLENCIA FAMILIAR,PAQUE QUIÑONES,3,II,A,,,2,DISTRITO DE SAN JUAN BAUTISTA
77,AGRECION,FALDERIA DEL CERRO ACUCHIMAY,2,I,,B,,2,DISTRITO DE SAN JUAN BAUTISTA
78,APOYO CIUDADANO,JR. HUALLAGA,2,III,A,,,2,DISTRITO DE SAN JUAN BAUTISTA
79,APOYO CIUDADANO,SKATE PARK,2,II,,,C,2,DISTRITO DE SAN JUAN BAUTISTA
80,APOYO TRASL. POR SALUD,JR. LA MAR,2,1,A,,,2,DISTRITO DE SAN JUAN BAUTISTA
81,CHOQUE DE VEHICULOS,AV. LAS MALVINAS,2,II,,B,,2,DISTRITO DE SAN JUAN BAUTISTA
82,FALTA CONTRA LA PER.,PARQUE QUIÑONES,2,II,A,,,2,DISTRITO DE SAN JUAN BAUTISTA
83,PELEA CALLEJERA,AV. CUSCO,2,,,,,2,DISTRITO DE SAN JUAN BAUTISTA
84,VEHICULO ABANDONADO,JR. JOSE OYALA,2,,,,,2,DISTRITO DE SAN JUAN BAUTISTA
85,VIOLENCIA FAMILIAR,JR. CESAR VALLEJO,2,,,,,2,DISTRITO DE SAN JUAN BAUTISTA
86,VIOLENCIA FAMILIAR,PSJ. PURICULTORIO,2,II,,,C,2,DISTRITO DE SAN JUAN BAUTISTA
87,VIOLENCIA FAMILIAR,AV. 8 DE DICIEMBRE ( LAS AMERICAS),3,IV,A,,,2,DISTRITO DE SAN JUAN BAUTISTA
88,VIOLENCIA FAMILIAR,PAJ. INFIERNILLO N° 120,3,IV,,B,,2,DISTRITO DE SAN JUAN BAUTISTA
89,AGRECION,ASOC. LOS LICENCIADOS,1,,,,,3,DISTRITO DE SAN JUAN BAUTISTA
90,AGRECION,AV. LAS AMERICAS,1,II,A,,,3,DISTRITO DE SAN JUAN BAUTISTA
91,AGRECION,VILLA LOS WARPAS,1,IV,A,,,3,DISTRITO DE SAN JUAN BAUTISTA
92,ALCOHOLISMO,AV. JAVIER HERAUD,1,,,,,3,DISTRITO DE SAN JUAN BAUTISTA
93,ALCOHOLISMO MEN,ARCO MAGISTERIAL,1,IV,A,,,3,DISTRITO DE SAN JUAN BAUTISTA
94,ALCOHOLISMO MEN,VILLA LOS WARPAS,1,IV,A,,,3,DISTRITO DE SAN JUAN BAUTISTA
95,APOYO CIUDADANO,AV. ARENALES,1,II,,,C,3,DISTRITO DE SAN JUAN BAUTISTA
96,CHOQUE DE VEHICULOS,AV.FRASCISCO BOLOGNESI ,2,II,A,,,3,DISTRITO DE SAN JUAN BAUTISTA
97,CHOQUE DE VEHICULOS,JR. LUISANA,1,III,A,,,3,DISTRITO DE SAN JUAN BAUTISTA
98,NIÑO ABANDONADO,AV. FRANCISCO BOLOGNESI,1,II,A,,,3,DISTRITO DE SAN JUAN BAUTISTA
99,NIÑO ABANDONADO,AV. SANTA ROSA,1,,,,,3,DISTRITO DE SAN JUAN BAUTISTA
100,NIÑO ABANDONADO,JR. LA MAR,1,I,,B,,3,DISTRITO DE SAN JUAN BAUTISTA
101,ROBO,ASC. LA VICTORIA,1,II,A,,,3,DISTRITO DE SAN JUAN BAUTISTA
102,ROBO,JR. ALFONSO UGARTE,1,,,,,3,DISTRITO DE SAN JUAN BAUTISTA
103,ROBO,JR. MOCHICA,1,II,,,C,3,DISTRITO DE SAN JUAN BAUTISTA
104,ROBO,PARQUE SAN JUAN BAUTISTA,1,I,,B,,3,DISTRITO DE SAN JUAN BAUTISTA
105,VEHICULO ABANDONADO,JR. SANTOS ATAHUALPA,1,I,A,,,3,DISTRITO DE SAN JUAN BAUTISTA
106,VEHICULO ABANDONADO,OME SAN LUIS DE TINAJERAS,1,III,A,,,3,DISTRITO DE SAN JUAN BAUTISTA
107,VIOLENCIA FAMILIAR,AV. LOS JARDINES,1,II,,,C,3,DISTRITO DE SAN JUAN BAUTISTA
108,VIOLENCIA FAMILIAR,AV. SAN FRANCISCO,1,III,A,,,3,DISTRITO DE SAN JUAN BAUTISTA
109,VIOLENCIA FAMILIAR,JR. CALVARIO N° 384,1,III,A,,,3,DISTRITO DE SAN JUAN BAUTISTA
110,VIOLENCIA FAMILIAR,JR. PIZARRO N° 240,2,,,,,3,DISTRITO DE SAN JUAN BAUTISTA
111,VIOLENCIA FAMILIAR,JR. SUCRE (PUCA-PUCA),2,III,A,,,3,DISTRITO DE SAN JUAN BAUTISTA
112,VIOLENCIA FAMILIAR,LOS LICENCIADOS MZ D LT 16,1,,,,,3,DISTRITO DE SAN JUAN BAUTISTA
113,VIOLENCIA FAMILIAR,PSJ. MARIA PARADO DE BELLIDO MZ H LT 5,1,,,,,3,DISTRITO DE SAN JUAN BAUTISTA
114,AGRECION,JR. GARDENIAS,3,,,,,3,DISTRITO DE SAN JUAN BAUTISTA
115,CHOQUE DE VEHICULOS,AV. CUSCO,2,II,A,,,3,DISTRITO DE SAN JUAN BAUTISTA
116,CHOQUE DE VEHICULOS,AV. SANTA ROSA,2,III,,B,,3,DISTRITO DE SAN JUAN BAUTISTA
117,CHOQUE DE VEHICULOS,GRIFO LAS AMERICAS,2,IV,,B,,3,DISTRITO DE SAN JUAN BAUTISTA
118,FALTA CONTRA LA PER.,CHAQUI HUAYCO,2,III,,B,,3,DISTRITO DE SAN JUAN BAUTISTA
119,VIOLENCIA FAMILIAR,JR. SAPO SOA MZ T1 LT 10,2,III,,A,,3,DISTRITO DE SAN JUAN BAUTISTA
120,VIOLENCIA FAMILIAR,AV. CUSCO N° 405,3,II,,,C,3,DISTRITO DE SAN JUAN BAUTISTA
121,VIOLENCIA FAMILIAR,JR. BELGICA N°590 MIRAFLORES SECTOR 3 ,4,II,,B,,3,DISTRITO DE SAN JUAN BAUTISTA
122,AGRECION,JR. OME,1,III,A,,,4,DISTRITO DE SAN JUAN BAUTISTA
123,AGRECION,PARQUE ECOLOGICO,1,II,A,,,4,DISTRITO DE SAN JUAN BAUTISTA
124,ALCOHOLISMO,AV. MADRID,1,,,,,4,DISTRITO DE SAN JUAN BAUTISTA
125,ALCOHOLISMO,JR. SUCRE,3,III,A,,,4,DISTRITO DE SAN JUAN BAUTISTA
126,ALCOHOLISMO MEN,PARQUE MIRAFLORES,1,IV,A,,,4,DISTRITO DE SAN JUAN BAUTISTA
127,ALCOHOLISMO MEN,PARQUE SAN JUAN,2,I,,B,,4,DISTRITO DE SAN JUAN BAUTISTA
128,DROGADICCION,JR. LA MERCED,1,II,A,,,4,DISTRITO DE SAN JUAN BAUTISTA
129,FALTA CONTRA LA PER.,JR. NOGAL,1,III,,B,,4,DISTRITO DE SAN JUAN BAUTISTA
130,HURTO,LOZA EL HUECO,1,II,A,,,4,DISTRITO DE SAN JUAN BAUTISTA
131,NIÑO ABANDONADO,AV. ARENALES,1,II,,,C,4,DISTRITO DE SAN JUAN BAUTISTA
132,NIÑO ABANDONADO,PSJ- LOS NOGALES,1,II,,,C,4,DISTRITO DE SAN JUAN BAUTISTA
133,VEHICULO ABANDONADO,QUEBRADA CHAQUI HUAYJO (MERCADO LAS AMERICAS),2,II,A,,,4,DISTRITO DE SAN JUAN BAUTISTA
134,VIOLENCIA FAMILIAR,CIUDAD MAGISTERIAL MZ O LT 2,1,IV,A,,,4,DISTRITO DE SAN JUAN BAUTISTA
135,VIOLENCIA FAMILIAR,JR. ESPAÑA N°105,1,I,,B,,4,DISTRITO DE SAN JUAN BAUTISTA
136,VIOLENCIA FAMILIAR,KEIKO SOFIA MZ N LT 10,1,IV,A,,,4,DISTRITO DE SAN JUAN BAUTISTA
137,VIOLENCIA FAMILIAR,PSJ. RAMON CASTILLA 2DA CUADRA,1,I,A,,,4,DISTRITO DE SAN JUAN BAUTISTA
138,VIOLENCIA FAMILIAR,PSJ. SANTOS ATAHUALPA S/N,1,II,A,,,4,DISTRITO DE SAN JUAN BAUTISTA
139,APOYO TRASL. POR SALUD,JR. VILIZARIO SUAREZ,2,,,,,4,DISTRITO DE SAN JUAN BAUTISTA
140,FALTA CONTRA LA PER.,JR. ESPAÑA,2,I,,B,,4,DISTRITO DE SAN JUAN BAUTISTA
141,ROBO,JR. LA MAR,3,I,A,,,4,DISTRITO DE SAN JUAN BAUTISTA
142,VIOLENCIA FAMILIAR,AV. MELENDEZ LOPEZ,3,III,A,,,4,DISTRITO DE SAN JUAN BAUTISTA
143,VIOLENCIA FAMILIAR,JR. WARI N° 266,3,II,,,C,4,DISTRITO DE SAN JUAN BAUTISTA
144,AGRECION,JR. EL BOSQUE,3,III ,A,,,5,DISTRITO DE SAN JUAN BAUTISTA
145,ALCOHOLISMO,CAPILLAPATA,4,I,,,C,5,DISTRITO DE SAN JUAN BAUTISTA
146,ALCOHOLISMO,JR. BASILIO AUQUIA,1,,,,,5,DISTRITO DE SAN JUAN BAUTISTA
147,ALCOHOLISMO MEN,APROVIÑA,1,,,,,5,DISTRITO DE SAN JUAN BAUTISTA
148,APOYO TRASL. POR SALUD,SKATE PARK,1,II,,,C,5,DISTRITO DE SAN JUAN BAUTISTA
149,CHOQUE DE VEHICULOS,AV. LOS ANDES,1,III,A,,,5,DISTRITO DE SAN JUAN BAUTISTA
150,FALTA CONTRA LA PER.,COL. JOSE ABELARDO Q,1,II,A,,,5,DISTRITO DE SAN JUAN BAUTISTA
151,PERSSONA EXTRAVIADA,AV. LA VICTORIA,1,II,A,,,5,DISTRITO DE SAN JUAN BAUTISTA
152,PERSSONA EXTRAVIADA,CHAQUI HUAYCCO COLEGIO FE Y ALEGRIA,1,III,,B,,5,DISTRITO DE SAN JUAN BAUTISTA
153,VIOLENCIA FAMILIAR,AV. LAS AMERICAS,1,II,A,,,5,DISTRITO DE SAN JUAN BAUTISTA
154,VIOLENCIA FAMILIAR,CAPILLAPATA,2,I,,,C,5,DISTRITO DE SAN JUAN BAUTISTA
155,VIOLENCIA FAMILIAR,JR. AYACUCHO,2,,,,,5,DISTRITO DE SAN JUAN BAUTISTA
156,VIOLENCIA FAMILIAR,JR. LAS GARDENIAS,2,III,,B,,5,DISTRITO DE SAN JUAN BAUTISTA
157,AGRECION,JR. LOS POKRAS,2,II,A,,,5,DISTRITO DE SAN JUAN BAUTISTA
158,ALCOHOLISMO MEN,LA VICTORIA,2,II,A,,,5,DISTRITO DE SAN JUAN BAUTISTA
159,CHOQUE DE VEHICULOS,AV. LOS INCAS,2,I,,,C,5,DISTRITO DE SAN JUAN BAUTISTA
160,CHOQUE DE VEHICULOS,INMEDIASIONES DEL MERCADO LAS AMERICAS,2,II,A,,,5,DISTRITO DE SAN JUAN BAUTISTA
161,FALTA CONTRA LA PER.,ASOC. LOS OLIVOS,2,III,A,,,5,DISTRITO DE SAN JUAN BAUTISTA
162,ROBO,KEIKO SOFIA,2,IV,A,,,5,DISTRITO DE SAN JUAN BAUTISTA
163,AGRECION,LAS LOMAS ,4,II,B,,,6,DISTRITO DE SAN JUAN BAUTISTA
164,ALCOHOLISMO MEN,JARVIER ERAUD,1,,,,,6,DISTRITO DE SAN JUAN BAUTISTA
165,ALCOHOLISMO MEN,VILLAS LOS WARPAS,1,IV,A,,,6,DISTRITO DE SAN JUAN BAUTISTA
166,APOYO TRASL. POR SALUD,JR. MICAELA BASTIDAS,1,,,,,6,DISTRITO DE SAN JUAN BAUTISTA
167,CHOQUE DE VEHICULOS,AV. LUIS CARRANZA,1,I,B,,,6,DISTRITO DE SAN JUAN BAUTISTA
168,CHOQUE DE VEHICULOS,JR. 24 DE JUNIO,2,,,,,6,DISTRITO DE SAN JUAN BAUTISTA
169,CHOQUE DE VEHICULOS,JR. QUINTE,1,I,B,,,6,DISTRITO DE SAN JUAN BAUTISTA
170,DROGADICCION,UNION ALTA ,1,,,,,6,DISTRITO DE SAN JUAN BAUTISTA
171,FALTA CONTRA LA PER.,LOS OLIVOS ÑAWINPUQUIO,1,III,A,,,6,DISTRITO DE SAN JUAN BAUTISTA
172,PERSSONA EXTRAVIADA,ASOC. LOS LICENCIADOS,1,IV,B,,,6,DISTRITO DE SAN JUAN BAUTISTA
173,ROBO,AV. LAS AMERICAS,2,II,A,,,6,DISTRITO DE SAN JUAN BAUTISTA
174,VEHICULO ABANDONADO,AV. FRANCISCO MELENDEZ,1,III,A,,,6,DISTRITO DE SAN JUAN BAUTISTA
175,VIOLENCIA FAMILIAR,AV. SANTA ROSA,2,III,B,,,6,DISTRITO DE SAN JUAN BAUTISTA
176,VIOLENCIA FAMILIAR,JR. LOS SAUCES,1,III,A,,,6,DISTRITO DE SAN JUAN BAUTISTA
177,VIOLENCIA FAMILIAR,LOS OLIVOS JR. VILLA RICA,1,III,A,,,6,DISTRITO DE SAN JUAN BAUTISTA
178,APOYO CIUDADANO,ARCO MAGISTERIAL,2,IV,A,,,6,DISTRITO DE SAN JUAN BAUTISTA
179,CHOQUE DE VEHICULOS,AV. CUSCO,2,II,A,,,6,DISTRITO DE SAN JUAN BAUTISTA
180,VIOLENCIA FAMILIAR,JR. GIRASOLES,3,,,,,6,DISTRITO DE SAN JUAN BAUTISTA
181,AGRECION,AV. MACHU PICCHU,4,IV,,B,,7,DISTRITO DE SAN JUAN BAUTISTA
182,AGRECION,FALDERIA DEL CERRO ACUCHIMAY,3,III,A,,,7,DISTRITO DE SAN JUAN BAUTISTA
183,ALCOHOLISMO,JR. LA MAR,1,I,A,,,7,DISTRITO DE SAN JUAN BAUTISTA
184,ALCOHOLISMO MEN,ASOC. UNION ALTA,1,III,A,,,7,DISTRITO DE SAN JUAN BAUTISTA
185,ALCOHOLISMO MEN,LOZA DE ACUCHIMAY,3,I,,B,,7,DISTRITO DE SAN JUAN BAUTISTA
186,ALCOHOLISMO MEN,PARQUE SAN JUAN,2,I,,B,,7,DISTRITO DE SAN JUAN BAUTISTA
187,APOYO CIUDADANO,JR. ALFONSO UGARTE,1,,,,,7,DISTRITO DE SAN JUAN BAUTISTA
188,APOYO CIUDADANO,KEIKO SOFIA,1,IV,A,,,7,DISTRITO DE SAN JUAN BAUTISTA
189,APOYO CIUDADANO,PARQUE SAN JUAN,1,I,,B,,7,DISTRITO DE SAN JUAN BAUTISTA
190,CHOQUE DE VEHICULOS,24 DE JUNIO,1,,,,,7,DISTRITO DE SAN JUAN BAUTISTA
191,CHOQUE DE VEHICULOS,JR. ESPAÑA,2,I,,B,,7,DISTRITO DE SAN JUAN BAUTISTA
192,CHOQUE DE VEHICULOS,JR. HEROES DE ARICA,1,IV,,B,,7,DISTRITO DE SAN JUAN BAUTISTA
193,CHOQUE DE VEHICULOS,JR. LA MERCED,1,,,,,7,DISTRITO DE SAN JUAN BAUTISTA
194,CHOQUE DE VEHICULOS,SKATE PARK,1,II,,,C,7,DISTRITO DE SAN JUAN BAUTISTA
195,FALTA CONTRA LA PER.,PARQUE MIRAFLORES,2,IV,A,,,7,DISTRITO DE SAN JUAN BAUTISTA
196,FALTA CONTRA LA PER.,PARQUE MIRAFLORES,1,IV,A,,,7,DISTRITO DE SAN JUAN BAUTISTA
197,FALTA CONTRA LA PER.,PARQUE QUIÑONES,2,II,A,,,7,DISTRITO DE SAN JUAN BAUTISTA
198,NIÑO ABANDONADO,AV. ARENALES,1,II,,,C,7,DISTRITO DE SAN JUAN BAUTISTA
199,NIÑO ABANDONADO,JR. SANTOS ATAHUALPA,2,II,A,,,7,DISTRITO DE SAN JUAN BAUTISTA
200,PELEA CALLEJERA,AV. CUSCO FRONTIS DEL COMPLEJO SAN LUIS,1,II,A,,,7,DISTRITO DE SAN JUAN BAUTISTA
201,PELEA CALLEJERA,SKATE PARK,3,II,,,C,7,DISTRITO DE SAN JUAN BAUTISTA
202,ROBO,AV. RAMON CASTILLA,1,I,A,,,7,DISTRITO DE SAN JUAN BAUTISTA
203,VEHICULO ABANDONADO,JR. ACUCHIMAY ,2,III,A,,,7,DISTRITO DE SAN JUAN BAUTISTA
204,VEHICULO ABANDONADO,JR. MADRID - PSJ. ROMERO,1,I,A,,,7,DISTRITO DE SAN JUAN BAUTISTA
205,VIOLENCIA FAMILIAR,AA.HH. HEROES DE ARICA,2,IV,,B,,7,DISTRITO DE SAN JUAN BAUTISTA
206,VIOLENCIA FAMILIAR,ASOC. VILLA MILITAR,1,,,,,7,DISTRITO DE SAN JUAN BAUTISTA
207,VIOLENCIA FAMILIAR,AV. CUSCO N° 343,2,II,A,,,7,DISTRITO DE SAN JUAN BAUTISTA
208,ALCOHOLISMO,LOS WARPAS,2,IV,A,,,7,DISTRITO DE SAN JUAN BAUTISTA
209,ALCOHOLISMO,PARQUE PUKA PUKA,2,I,,B,,7,DISTRITO DE SAN JUAN BAUTISTA
210,ALCOHOLISMO MEN,PARQUE ECOLOGICO,2,II,A,,,7,DISTRITO DE SAN JUAN BAUTISTA
211,ALCOHOLISMO MEN,PARQUE QUIÑONES,2,II,A,,,7,DISTRITO DE SAN JUAN BAUTISTA
212,APOYO CIUDADANO,ASOC. LA VICTORIA,2,II,A,,,7,DISTRITO DE SAN JUAN BAUTISTA
213,CHOQUE DE VEHICULOS,AV. LUIS CARRANZA,2,I,,B,,7,DISTRITO DE SAN JUAN BAUTISTA
214,FALTA CONTRA LA PER.,AV. NACIONES UNIDAS,2,,,,,7,DISTRITO DE SAN JUAN BAUTISTA
215,VEHICULO ABANDONADO,AV. ARENALES-) DE DICIEMBRE,2,II,,,C,7,DISTRITO DE SAN JUAN BAUTISTA
216,VIOLENCIA FAMILIAR,JR. LA MERCED,2,,,,,7,DISTRITO DE SAN JUAN BAUTISTA
217,VIOLENCIA FAMILIAR,PSJ. CHINCHA,2,II,,,C,7,DISTRITO DE SAN JUAN BAUTISTA
218,DROGADICCION,PARQUE PUKA PUKA,5,I,,,C,7,DISTRITO DE SAN JUAN BAUTISTA
219,VIOLENCIA FAMILIAR,ASOC. KEIKO SOFIA MZ. F LT. 04,5,IV,A,,,7,DISTRITO DE SAN JUAN BAUTISTA
220,ACCIDENTE DE TRANSITO DE MOTO,APROVISA,1,II,,,C,8,DISTRITO DE SAN JUAN BAUTISTA
221,ACCIDENTE DE TRANSITO DE MOTO,AV. CUSCO,1,II,A,,,8,DISTRITO DE SAN JUAN BAUTISTA
222,ALCOHOLISMO,PARQUE ECOLOGICO,1,II,,,C,8,DISTRITO DE SAN JUAN BAUTISTA
223,ALCOHOLISMO,PARQUE MIRAFLORES,1,IV,A,,,8,DISTRITO DE SAN JUAN BAUTISTA
224,ALCOHOLISMO,PARQUE PUCA PUCA,1,I,,,C,8,DISTRITO DE SAN JUAN BAUTISTA
225,ALCOHOLISMO,PARQUE SAN JUAN,1,I,,B,,8,DISTRITO DE SAN JUAN BAUTISTA
226,ALCOHOLISMO,PUENTE AMERICAS,1,II,A,,,8,DISTRITO DE SAN JUAN BAUTISTA
227,ALCOHOLISMO,SAN LUIS DE TINAJERAS (LOZA),3,III,A,,,8,DISTRITO DE SAN JUAN BAUTISTA
228,ALCOHOLISMO MEN,AV. NACIONES UNIDAS,1,,,,,8,DISTRITO DE SAN JUAN BAUTISTA
229,ALCOHOLISMO MEN,CERRO ACUCHIMAY,3,I,,B,,8,DISTRITO DE SAN JUAN BAUTISTA
230,APOYO CIUDADANO,AV. 9 DE DICIEMBRE,1,II,,,C,8,DISTRITO DE SAN JUAN BAUTISTA
231,APOYO CIUDADANO,AV. RAMON CASTILLA,1,,,,,8,DISTRITO DE SAN JUAN BAUTISTA
232,APOYO CIUDADANO,JR. CONSTITUCIONAL ,2,III,A,,,8,DISTRITO DE SAN JUAN BAUTISTA
233,CHOQUE DE VEHICULOS,AV. NACIONES UNIDAS,1,,,,,8,DISTRITO DE SAN JUAN BAUTISTA
234,CHOQUE DE VEHICULOS,AV. SAN FRANCISCO JR. ROSALES,1,III,A,,,8,DISTRITO DE SAN JUAN BAUTISTA
235,CHOQUE DE VEHICULOS,JR. JAVIER HERAUD,3,,,,,8,DISTRITO DE SAN JUAN BAUTISTA
236,DROGADICCION,PARQUE MIRAFLORES,1,IV,A,,,8,DISTRITO DE SAN JUAN BAUTISTA
237,HURTO,AV. AMERICAS,1,II,A,,,8,DISTRITO DE SAN JUAN BAUTISTA
238,HURTO,JR. LA MERCED,1,,,,,8,DISTRITO DE SAN JUAN BAUTISTA
239,INCENDIO,AV. AMERICAS,1,II,A,,,8,DISTRITO DE SAN JUAN BAUTISTA
240,MUERTE,CRUZ ROJA,1,IV,,B,,8,DISTRITO DE SAN JUAN BAUTISTA
241,MUERTE,JR. LA MAR,1,I,A,,,8,DISTRITO DE SAN JUAN BAUTISTA
242,NIÑO ABANDONADO,LOS OLIVOS,1,III,A,,,8,DISTRITO DE SAN JUAN BAUTISTA
243,NIÑO ABANDONADO,SAN LUIS DE TINAJERAS,2,III,A,,,8,DISTRITO DE SAN JUAN BAUTISTA
244,PELEA CALLEJERA,FRONTIS DE COLEGIO SAN JUAN,1,I,,,C,8,DISTRITO DE SAN JUAN BAUTISTA
245,PELEA CALLEJERA,PARQUE SAN JUAN,2,I,,B,,8,DISTRITO DE SAN JUAN BAUTISTA
246,ROBO,AV. LAS MALVINAS,1,I,,B,,8,DISTRITO DE SAN JUAN BAUTISTA
247,ROBO,LOS OLIVOS,2,III,A,,,8,DISTRITO DE SAN JUAN BAUTISTA
248,ROBO,WARI SUR,1,III,,B,,8,DISTRITO DE SAN JUAN BAUTISTA
249,VEHICULO ABANDONADO,CARRETERA AYACHUCO CUSCO ,2,,,,,8,DISTRITO DE SAN JUAN BAUTISTA
250,VEHICULO ABANDONADO,ÑAHUINPUQUIO MZ. B LT.4,1,IV,A,,,8,DISTRITO DE SAN JUAN BAUTISTA
251,VIOLENCIA FAMILIAR,AV. PERU,2,,,,,8,DISTRITO DE SAN JUAN BAUTISTA
252,VIOLENCIA FAMILIAR,AV. VENEZUELA N° 694,1,IV,A,,,8,DISTRITO DE SAN JUAN BAUTISTA
253,VIOLENCIA FAMILIAR,JR. CONAYA MZ. P LT. 13,1,,,,,8,DISTRITO DE SAN JUAN BAUTISTA
254,VIOLENCIA FAMILIAR,JR. UCAYALI MZ. LL LT. 07,1,III,A,,,8,DISTRITO DE SAN JUAN BAUTISTA
255,ALCOHOLISMO,ACUCHIMAY (LOZA),2,I,,B,,8,DISTRITO DE SAN JUAN BAUTISTA
256,ALCOHOLISMO,CAPILLAPATA (LOZA),2,I,A,,,8,DISTRITO DE SAN JUAN BAUTISTA
257,ALCOHOLISMO,LA VICTORIA (LOZA),2,II,A,,,8,DISTRITO DE SAN JUAN BAUTISTA
258,ALCOHOLISMO MEN,AV. SANTA ROSA,2,III,,B,,8,DISTRITO DE SAN JUAN BAUTISTA
259,ALCOHOLISMO MEN,PARQUE SAN JUAN,2,I,,B,,8,DISTRITO DE SAN JUAN BAUTISTA
260,APOYO CIUDADANO,AV. ARENALES,2,II,,,C,8,DISTRITO DE SAN JUAN BAUTISTA
261,APOYO CIUDADANO,AV. LA VICTORIA,2,,,,,8,DISTRITO DE SAN JUAN BAUTISTA
262,APOYO CIUDADANO,JR. LA MAR,2,I,A,,,8,DISTRITO DE SAN JUAN BAUTISTA
263,APOYO TRASL. POR SALUD,AV. CUSCO,2,II,A,,,8,DISTRITO DE SAN JUAN BAUTISTA
264,CHOQUE DE VEHICULOS,AV. CUSCO,2,II,A,,,8,DISTRITO DE SAN JUAN BAUTISTA
265,CHOQUE DE VEHICULOS,AV. SAN FRANCISCO,2,III,A,,,8,DISTRITO DE SAN JUAN BAUTISTA
266,FALTA CONTRA LA PER.,AV. ANDAHUAYLAS,2,I,,B,,8,DISTRITO DE SAN JUAN BAUTISTA
267,FALTA CONTRA LA PER.,PARQUE QUIÑONES,2,II,A,,,8,DISTRITO DE SAN JUAN BAUTISTA
268,HURTO,AV. ARENALES,2,II,,,C,8,DISTRITO DE SAN JUAN BAUTISTA
269,VIOLENCIA FAMILIAR,JR. LOS POKRAS,2,,,,,8,DISTRITO DE SAN JUAN BAUTISTA
270,VIOLENCIA FAMILIAR,LOS OLIVOS,2,III,A,,,8,DISTRITO DE SAN JUAN BAUTISTA
271,ROBO,AV. SANTA ROSA MZ. A LT. 01,3,III,A,,,8,DISTRITO DE SAN JUAN BAUTISTA
272,VIOLENCIA FAMILIAR,CANAN ALTO,3,III,,B,,8,DISTRITO DE SAN JUAN BAUTISTA
273,DROGADICCION,LOS WARPAS,4,IV,A,,,8,DISTRITO DE SAN JUAN BAUTISTA
274,PELEA CALLEJERA,LA VICTORIA,4,II,A,,,8,DISTRITO DE SAN JUAN BAUTISTA
275,PELEA CALLEJERA,PARQUE MIRAFLORES,4,IV,A,,,8,DISTRITO DE SAN JUAN BAUTISTA
276,VEHICULO ABANDONADO,AV. LAS MALVINAS,4,I,,B,,8,DISTRITO DE SAN JUAN BAUTISTA
277,VIOLENCIA FAMILIAR,ACUCHIMAY (LOZA),4,I,,B,,8,DISTRITO DE SAN JUAN BAUTISTA
278,VIOLENCIA FAMILIAR,AV. 8 DE DICIEMBRE,6,II,,B,,8,DISTRITO DE SAN JUAN BAUTISTA
279,ALCOHOLISMO,AV. LOS INCAS,4,I,,,C,9,DISTRITO DE SAN JUAN BAUTISTA
280,ALCOHOLISMO,JR. ALFONSO UGARTE ,1,I,,,C,9,DISTRITO DE SAN JUAN BAUTISTA
281,ALCOHOLISMO,JR.9 DE OCTUBRE,1,,,,,9,DISTRITO DE SAN JUAN BAUTISTA
282,ALCOHOLISMO,LOS OLIVOS,1,III,,,C,9,DISTRITO DE SAN JUAN BAUTISTA
283,ALCOHOLISMO,LOZA DEPORTIVA DE 27 DE OCTUBRE,3,IV,,B,,9,DISTRITO DE SAN JUAN BAUTISTA
284,ALCOHOLISMO,ÑAWIN PUQUIO,3,IV,A,,,9,DISTRITO DE SAN JUAN BAUTISTA
285,APOYO CIUDADANO,AV. SAN FRANCISCO DE ASIS,1,IV,A,,,9,DISTRITO DE SAN JUAN BAUTISTA
286,APOYO CIUDADANO,JR. ESPAÑA,1,I,,B,,9,DISTRITO DE SAN JUAN BAUTISTA
287,APOYO CIUDADANO,JR. JOSE CARLOS MARIATEGUI,1,II,A,,,9,DISTRITO DE SAN JUAN BAUTISTA
288,APOYO CIUDADANO,LOZA DEPORTIVA EL HUECO,2,II,A,,,9,DISTRITO DE SAN JUAN BAUTISTA
289,APOYO CIUDADANO,PARQUE MIRAFLORES,2,IV,A,,,9,DISTRITO DE SAN JUAN BAUTISTA
290,CHOQUE DE VEHICULOS,AV. CUSCO N° 1025,2,,,,,9,DISTRITO DE SAN JUAN BAUTISTA
291,CHOQUE DE VEHICULOS,AV. LAS AMERICAS,1,II,A,,,9,DISTRITO DE SAN JUAN BAUTISTA
292,CHOQUE DE VEHICULOS,AV. SAN LORENZO,1,,,,,9,DISTRITO DE SAN JUAN BAUTISTA
293,CHOQUE DE VEHICULOS,JR. GERMAN CARLOS ,1,,,,,9,DISTRITO DE SAN JUAN BAUTISTA
294,CHOQUE DE VEHICULOS,PUENTE APURIMAC,1,I,A,,,9,DISTRITO DE SAN JUAN BAUTISTA
295,DROGADICCION,FALDERIAS DEL CERRO ACUCHIMAY,1,,,,,9,DISTRITO DE SAN JUAN BAUTISTA
296,DROGADICCION,LOZA DEPORTIVA AL FRENTE DEL COLEGIO SAN JUAN,1,I,,,C,9,DISTRITO DE SAN JUAN BAUTISTA
297,FALTA CONTRA LA PER.,UNION ALTA,1,,,,,9,DISTRITO DE SAN JUAN BAUTISTA
298,HURTO,AV. SAN FRANCISCO DE ASIS,1,,,,,9,DISTRITO DE SAN JUAN BAUTISTA
299,NIÑO ABANDONADO,AV. SAN FRANCISCO,1,III,A,,,9,DISTRITO DE SAN JUAN BAUTISTA
300,NIÑO ABANDONADO,JR. MICAELA BASTIDAS,1,,,,,9,DISTRITO DE SAN JUAN BAUTISTA
301,PERSSONA EXTRAVIADA,JR.POKRAS,1,II,,,C,9,DISTRITO DE SAN JUAN BAUTISTA
302,ROBO,ASOC. CESAR VALLEJO,2,,,,,9,DISTRITO DE SAN JUAN BAUTISTA
303,ROBO,AV. ACUCHIMAY,1,III,A,,,9,DISTRITO DE SAN JUAN BAUTISTA
304,ROBO,AV. DINAMARCA,1,,,,,9,DISTRITO DE SAN JUAN BAUTISTA
305,ROBO,JR. MARIANO MELGAR 139,2,I,,B,,9,DISTRITO DE SAN JUAN BAUTISTA
306,VIOLENCIA FAMILIAR,ASOC. ALVARO QUIJANDRIA GRIFO LAS AMERICAS,1,IV,A,,,9,DISTRITO DE SAN JUAN BAUTISTA
307,VIOLENCIA FAMILIAR,AV. LAS MALVINAS,1,II,,B,,9,DISTRITO DE SAN JUAN BAUTISTA
308,VIOLENCIA FAMILIAR,AV. SANTA ROSA,2,,,,,9,DISTRITO DE SAN JUAN BAUTISTA
309,VIOLENCIA FAMILIAR,JR. JOSE CARLOS MARIATEGUI,1,I,,,C,9,DISTRITO DE SAN JUAN BAUTISTA
310,VIOLENCIA FAMILIAR,JR. MOCHICA,1,II,,,C,9,DISTRITO DE SAN JUAN BAUTISTA
311,VIOLENCIA FAMILIAR,LICENCIADOS MZ. H LT. 10,1,IV,,B,,9,DISTRITO DE SAN JUAN BAUTISTA
312,VIOLENCIA FAMILIAR,LOZA LOS WARPAS,1,IV,A,,,9,DISTRITO DE SAN JUAN BAUTISTA
313,VIOLENCIA FAMILIAR,VILLA MILITAR,1,,,,,9,DISTRITO DE SAN JUAN BAUTISTA
314,ALCOHOLISMO,CAPILLAPATA,3,I,,,C,9,DISTRITO DE SAN JUAN BAUTISTA
315,APOYO CIUDADANO,AV. CUSCO,2,II,A,,,9,DISTRITO DE SAN JUAN BAUTISTA
316,APOYO CIUDADANO,COLEGIO FE Y ALEGRIA,2,III,,B,,9,DISTRITO DE SAN JUAN BAUTISTA
317,APOYO CIUDADANO,FALDERIAS DEL CERRO ACUCHIMAY,2,I,,B,,9,DISTRITO DE SAN JUAN BAUTISTA
318,APOYO CIUDADANO,FERIA DOMINICAL SAN JUAN,2,II,A,,,9,DISTRITO DE SAN JUAN BAUTISTA
319,APOYO CIUDADANO,JR. ANDAHUAYLAS N°332,2,,,,,9,DISTRITO DE SAN JUAN BAUTISTA
320,APOYO CIUDADANO,JR. CHAVIN,2,,,,,9,DISTRITO DE SAN JUAN BAUTISTA
321,APOYO CIUDADANO,JR. ENTRADA DE TORO WICCHANA,2,,,,,9,DISTRITO DE SAN JUAN BAUTISTA
322,APOYO CIUDADANO,VILLA MILITAR ,2,,,,,9,DISTRITO DE SAN JUAN BAUTISTA
323,PELEA CALLEJERA,VILLA LOS WARPAS,2,IV,A,,,9,DISTRITO DE SAN JUAN BAUTISTA
324,PERSSONA EXTRAVIADA,AV. CUSCO,2,II,A,,,9,DISTRITO DE SAN JUAN BAUTISTA
325,PERSSONA EXTRAVIADA,FERIA SAN JUAN,2,II,A,,,9,DISTRITO DE SAN JUAN BAUTISTA
326,VIOLENCIA FAMILIAR,PSJ. ROMERO N°170,2,,,,,9,DISTRITO DE SAN JUAN BAUTISTA
327,ALCOHOLISMO,PARQUE SAN JUAN,3,I,A,,,9,DISTRITO DE SAN JUAN BAUTISTA
328,VEHICULO ABANDONADO,JR. SANTOS ATAHUALPA,3,II,A,,,9,DISTRITO DE SAN JUAN BAUTISTA
329,VEHICULO ABANDONADO,KEIKO SOFIA,3,,,,,9,DISTRITO DE SAN JUAN BAUTISTA
330,ALCOHOLISMO,PARQUE MIRAFLORES,4,IV,A,,,9,DISTRITO DE SAN JUAN BAUTISTA
331,AGRECION,JR. LAS PALMERAS,1,,,,,10,DISTRITO DE SAN JUAN BAUTISTA
332,ALCOHOLISMO,ACUCHIMAY,1,I,,B,,10,DISTRITO DE SAN JUAN BAUTISTA
333,ALCOHOLISMO,KEIKO SOFIA (LOZA),4,IV,A,,,10,DISTRITO DE SAN JUAN BAUTISTA
334,ALCOHOLISMO,LOZA EL HUECO (LA VICTORIA),1,II,A,,,10,DISTRITO DE SAN JUAN BAUTISTA
335,ALCOHOLISMO,PARQUE ECOLOGICO,1,II,,,C,10,DISTRITO DE SAN JUAN BAUTISTA
336,ALCOHOLISMO,PARQUE MIRAFLORES ,3,,,,,10,DISTRITO DE SAN JUAN BAUTISTA
337,ALCOHOLISMO MEN,AV. CUSCO S/N,1,,,,,10,DISTRITO DE SAN JUAN BAUTISTA
338,APOYO CIUDADANO,ASOC. WARPAPICCHU,1,,,,,10,DISTRITO DE SAN JUAN BAUTISTA
339,APOYO CIUDADANO,AV. EJERCITO 1RA CUADRA ,2,I,A,,,10,DISTRITO DE SAN JUAN BAUTISTA
340,APOYO CIUDADANO,AV. NACIONES UNIDAS,1,,,,,10,DISTRITO DE SAN JUAN BAUTISTA
341,APOYO CIUDADANO,JR. SANTOS ATAHUALPA,1,II,A,,,10,DISTRITO DE SAN JUAN BAUTISTA
342,APOYO CIUDADANO,LOZA DEPORTIVA LAS AMERICAS ,1,II,A,,,10,DISTRITO DE SAN JUAN BAUTISTA
343,APOYO CIUDADANO,TORO WICHCCANA,1,IV,,B,,10,DISTRITO DE SAN JUAN BAUTISTA
344,APOYO TRASL. POR SALUD,AV. DINAMARCA  Y JR. DELIAS,2,,,,,10,DISTRITO DE SAN JUAN BAUTISTA
345,ATROPELLO,JR. WARI,1,I,,B,,10,DISTRITO DE SAN JUAN BAUTISTA
346,CHOQUE DE VEHICULOS,JR. BACIOLIO AUQUI,1,I,,,C,10,DISTRITO DE SAN JUAN BAUTISTA
347,INCENDIO,AV. EJERCITO 1RA CUADRA ,1,I,A,,,10,DISTRITO DE SAN JUAN BAUTISTA
348,MUERTE POR ATROPELLO ,JR. WARI,1,I,,B,,10,DISTRITO DE SAN JUAN BAUTISTA
349,ROBO,ASOC. LA VICTORIA MZ. B LT. 05,1,II,A,,,10,DISTRITO DE SAN JUAN BAUTISTA
350,ROBO,AV. SAN FRANCISCO DE ASIS,1,,,,,10,DISTRITO DE SAN JUAN BAUTISTA
351,SUICIDIO,AV. SANTA ROSA PSJ. LAS MAGNOLIAS,1,,,,,10,DISTRITO DE SAN JUAN BAUTISTA
352,VIOLACION,ASENTAMIENTO HUMANO ALVARO QUIJANDRIA,1,,,,,10,DISTRITO DE SAN JUAN BAUTISTA
353,VIOLACION,CURVA DE HUATATAS,2,II,,,C,10,DISTRITO DE SAN JUAN BAUTISTA
354,VIOLACION,JR. MADRID,1,,,,,10,DISTRITO DE SAN JUAN BAUTISTA
355,VIOLENCIA FAMILIAR,AV. LUIS CARRANZA,2,I,,B,,10,DISTRITO DE SAN JUAN BAUTISTA
356,VIOLENCIA FAMILIAR,JR. ANGELES MZ. N LT. 06,1,I,,B,,10,DISTRITO DE SAN JUAN BAUTISTA
357,VIOLENCIA FAMILIAR,JR. JORGE BASADRE ,2,,,,,10,DISTRITO DE SAN JUAN BAUTISTA
358,VIOLENCIA FAMILIAR,JR. LOS CIPRECES N°180,1,,,,,10,DISTRITO DE SAN JUAN BAUTISTA
359,VIOLENCIA FAMILIAR,JR. MICAELA BASTIDAS N°481,2,I,,,,10,DISTRITO DE SAN JUAN BAUTISTA
360,AGRECION,AV. LA VICTORIA,2,II,A,,,10,DISTRITO DE SAN JUAN BAUTISTA
361,ALCOHOLISMO,PARQUE SAN JUAN,2,I,A,,,10,DISTRITO DE SAN JUAN BAUTISTA
362,ALCOHOLISMO MEN,AV. SAN FRANCISCO,2,III,A,,,10,DISTRITO DE SAN JUAN BAUTISTA
363,APOYO CIUDADANO,AV. LOS JARDINES,2,,,,,10,DISTRITO DE SAN JUAN BAUTISTA
364,APOYO CIUDADANO,AV. SAN FRANCISCO,2,,,,,10,DISTRITO DE SAN JUAN BAUTISTA
365,HURTO,AV. ALFONSO UGARTE N°206,2,,,,,10,DISTRITO DE SAN JUAN BAUTISTA
366,NIÑO ABANDONADO,AV. ARENALES,2,II,,,C,10,DISTRITO DE SAN JUAN BAUTISTA
367,VIOLENCIA FAMILIAR,CIUDAD MAGISTERIAL MZ. C LT. 13,2,IV,A,,,10,DISTRITO DE SAN JUAN BAUTISTA
368,VIOLENCIA FAMILIAR,JR. MICAELA BASTIDAS,2,I,,,,10,DISTRITO DE SAN JUAN BAUTISTA
369,PELEA CALLEJERA,ESPALDA DEL COLEGIO SAN JUAN,3,I,,,C,10,DISTRITO DE SAN JUAN BAUTISTA
370,ROBO,LOZA LOS OLIVOS,4,,,,,10,DISTRITO DE SAN JUAN BAUTISTA
371,AGRECION,AV. CUSCO N° 112,4,II,A,,,3,DISTRITO DE SAN JUAN BAUTISTA
372,AGRECION,FRONTIS DE COLEGIO SAN JUAN,1,I,C,,,4,DISTRITO DE SAN JUAN BAUTISTA
373,AGRECION,JR. HAVIER HERAUD,1,II,C,,,5,DISTRITO DE SAN JUAN BAUTISTA
374,AGRECION,JR. LOS ALAMOS MZ. H LT. 06,2,II,B,,,3,DISTRITO DE SAN JUAN BAUTISTA
375,APOYO CIUDADANO,ASOC. LOS LICENCIADOS ,2,IV,B,,,2,DISTRITO DE SAN JUAN BAUTISTA
376,APOYO CIUDADANO,AV. ARENALES N° 282,1,II,C,,,1,DISTRITO DE SAN JUAN BAUTISTA
377,APOYO CIUDADANO,PARQUE MIRAFLORES,1,IV,A,,,6,DISTRITO DE SAN JUAN BAUTISTA
378,ATROPELLO,AV. LUIS CARRANZA ,2,I,B,,,5,DISTRITO DE SAN JUAN BAUTISTA
379,ATROPELLO,GRIFO LAS AMERICAS,1,IV,B,,,1,DISTRITO DE SAN JUAN BAUTISTA
380,CHOQUE DE VEHICULOS,AV. RAMON CASTILLA,2,I,A,,,7,DISTRITO DE SAN JUAN BAUTISTA
381,CHOQUE DE VEHICULOS,CURVA WARPA PICCHU,1,IV,B,,,8,DISTRITO DE SAN JUAN BAUTISTA
382,CHOQUE DE VEHICULOS,JR. LOS ALAMOS MZ. H LT. 07,1,II,B,,,4,DISTRITO DE SAN JUAN BAUTISTA
383,DROGADICCION,ASOC. LOS LICENCIADOS ,1,IV,B,,,2,DISTRITO DE SAN JUAN BAUTISTA
384,FALTA CONTRA LA PER.,AV. LA VICTORIA ,2,II,A,,,5,DISTRITO DE SAN JUAN BAUTISTA
385,FALTA CONTRA LA PER.,AV. SANTA ROSA,2,,,,,6,DISTRITO DE SAN JUAN BAUTISTA
386,FALTA CONTRA LA PER.,PARQUE MIRAFLORES,1,IV,A,,,4,DISTRITO DE SAN JUAN BAUTISTA
387,INCENDIO,JR. OME ,1,III,A,,,3,DISTRITO DE SAN JUAN BAUTISTA
388,NIÑO ABANDONADO,AV. CUSCO,1,II,A,,,4,DISTRITO DE SAN JUAN BAUTISTA
389,NIÑO ABANDONADO,AV. LUIS CARRANZA ,2,I,B,,,2,DISTRITO DE SAN JUAN BAUTISTA
390,NIÑO ABANDONADO,KEIKO SOFIA,1,IV,A,,,3,DISTRITO DE SAN JUAN BAUTISTA
391,PELEA CALLEJERA,AV. LUIS CARRANZA ,1,I,B,,,2,DISTRITO DE SAN JUAN BAUTISTA
392,PELEA CALLEJERA,PSJ. LIBERTAD,1,,,,,3,DISTRITO DE SAN JUAN BAUTISTA
393,VEHICULO ABANDONADO,AV. FRANCISCO MELENDEZ,2,,,,,6,DISTRITO DE SAN JUAN BAUTISTA
394,VEHICULO ABANDONADO,WARI SUR,1,III,B,,,1,DISTRITO DE SAN JUAN BAUTISTA
395,VIOLENCIA FAMILIAR,ASOC. LAS AMERICAS ,2,II,A,,,7,DISTRITO DE SAN JUAN BAUTISTA
396,VIOLENCIA FAMILIAR,AV. ARENALES,2,II,C,,,1,DISTRITO DE SAN JUAN BAUTISTA
397,VIOLENCIA FAMILIAR,AV. CUSCO ,1,II,A,,,9,DISTRITO DE SAN JUAN BAUTISTA
398,VIOLENCIA FAMILIAR,AV. CUSCO N°112,1,II,A,,,8,DISTRITO DE SAN JUAN BAUTISTA
399,VIOLENCIA FAMILIAR,AV. LAS ORQUIDEAS,2,,,,,2,DISTRITO DE SAN JUAN BAUTISTA
400,VIOLENCIA FAMILIAR,JR. LA MERCED,1,,,,,3,DISTRITO DE SAN JUAN BAUTISTA
401,VIOLENCIA FAMILIAR,JR. POKRAS,1,,,,,4,DISTRITO DE SAN JUAN BAUTISTA
402,VIOLENCIA FAMILIAR,VILLA LOS WARPAS MZ. F LT. 34,1,IV,A,,,5,DISTRITO DE SAN JUAN BAUTISTA
403,ALCOHOLISMO,JR. LA MAR,2,I,A,,,3,DISTRITO DE SAN JUAN BAUTISTA
404,NIÑO ABANDONADO,GRIFO LAS AMERICAS,2,IV,B,,,2,DISTRITO DE SAN JUAN BAUTISTA
405,PELEA CALLEJERA,AV. FRANCISCO BOLOGNESI,2,,,,,6,DISTRITO DE SAN JUAN BAUTISTA
406,PERSSONA EXTRAVIADA,AV. LAS MALVINAS,2,I,B,,,2,DISTRITO DE SAN JUAN BAUTISTA
407,ROBO,AV. JAVIER HERAUD,2,II,C,,,1,DISTRITO DE SAN JUAN BAUTISTA
408,VIOLENCIA FAMILIAR,AV. SAN FRANCISCO MZ. Z LT. 03,2,III,A,,,1,DISTRITO DE SAN JUAN BAUTISTA
409,VIOLENCIA FAMILIAR,KEIKO SOFIA MZ. I LT. 02,2,IV,A,,,4,DISTRITO DE SAN JUAN BAUTISTA
410,SECUESTRO,PARQUE MIRAFLORES,3,IV ,A,,,5,DISTRITO DE SAN JUAN BAUTISTA
411,VIOLENCIA FAMILIAR,JR. JOSE SANTOS ATAHUALPA,3,II,A,,,3,DISTRITO DE SAN JUAN BAUTISTA
412,AGRECION,AV. BOLOGNESI,1,II,A,,,2,DISTRITO DE SAN JUAN BAUTISTA
413,AGRECION,AV. SANTA ROSA,1,III,,B,,1,DISTRITO DE SAN JUAN BAUTISTA
414,AGRECION,JR. ESPAÑA,1,I,,B,,3,DISTRITO DE SAN JUAN BAUTISTA
415,AGRECION,JR. JOSE CARLOS MARIATEGUI,1,,,,,4,DISTRITO DE SAN JUAN BAUTISTA
416,AGRECION,JR. LOS OLIVOS,3,III,A,,,6,DISTRITO DE SAN JUAN BAUTISTA
417,ALCOHOLISMO,PARQUE QUIÑONES,3,II,A,,,2,DISTRITO DE SAN JUAN BAUTISTA
418,APOYO CIUDADANO,JR. LA MERCED,2,,,,,4,DISTRITO DE SAN JUAN BAUTISTA
419,CHOQUE DE VEHICULOS,AV. ALFONSO UGARTE,1,II,A,,,3,DISTRITO DE SAN JUAN BAUTISTA
420,CHOQUE DE VEHICULOS,JR. CALVARIO,1,,,,,4,DISTRITO DE SAN JUAN BAUTISTA
421,CHOQUE DE VEHICULOS,JR. SUCRE - PUCA PUCA,1,III,,,C,5,DISTRITO DE SAN JUAN BAUTISTA
422,CHOQUE DE VEHICULOS,JR.LA MAR,2,I,A,,,6,DISTRITO DE SAN JUAN BAUTISTA
423,CHOQUE DE VEHICULOS,PARQUE MIRAFLORES,1,IV,A,,,3,DISTRITO DE SAN JUAN BAUTISTA
424,CHOQUE DE VEHICULOS,PARQUE QUIÑONES,1,II,A,,,7,DISTRITO DE SAN JUAN BAUTISTA
425,FALTA CONTRA LA PER.,AV. FINLANDIA,2,,,,,8,DISTRITO DE SAN JUAN BAUTISTA
426,FALTA CONTRA LA PER.,AV. FRANCISCO BOLOGNESI,1,II,A,,,9,DISTRITO DE SAN JUAN BAUTISTA
427,FALTA CONTRA LA PER.,AV. MACCHU PICCHU,1,,,,,3,DISTRITO DE SAN JUAN BAUTISTA
428,FALTA CONTRA LA PER.,JR. LOS LAURELES,1,,,,,1,DISTRITO DE SAN JUAN BAUTISTA
429,FALTA CONTRA LA PER.,LOZA EL HUECO,1,II,A,,,3,DISTRITO DE SAN JUAN BAUTISTA
430,HURTO,SAN LUIS DE TINAJERAS,1,III,A,,,4,DISTRITO DE SAN JUAN BAUTISTA
431,NIÑO ABANDONADO,AV. LAS MALVINAS ,1,I,,B,,6,DISTRITO DE SAN JUAN BAUTISTA
432,NIÑO ABANDONADO,JR. EL BOSQUE,2,,,,,2,DISTRITO DE SAN JUAN BAUTISTA
433,NIÑO ABANDONADO,JR. JORGE BASADRE,1,IV ,A,,,5,DISTRITO DE SAN JUAN BAUTISTA
434,ROBO,JR. CAHUIDE,1,,,,,2,DISTRITO DE SAN JUAN BAUTISTA
435,ROBO,LOS ALAMOS,1,,,,,6,DISTRITO DE SAN JUAN BAUTISTA
436,VEHICULO ABANDONADO,AV. LOS INCAS,1,I,,,C,7,DISTRITO DE SAN JUAN BAUTISTA
437,VIOLENCIA FAMILIAR,APROVISA MZ. D LT. 02,1,II,,,C,2,DISTRITO DE SAN JUAN BAUTISTA
438,VIOLENCIA FAMILIAR,ASOC. LOS POKRAS,1,III,A,,,8,DISTRITO DE SAN JUAN BAUTISTA
439,VIOLENCIA FAMILIAR,AV. JOSE CARLOS MARIATEGUI,2,I,,,C,2,DISTRITO DE SAN JUAN BAUTISTA
440,VIOLENCIA FAMILIAR,AV. LAS CASUARINAS,2,II,,B,,6,DISTRITO DE SAN JUAN BAUTISTA
441,VIOLENCIA FAMILIAR,AV. SANTA ROSA MZ Y LT 10 ,1,III,,B,,1,DISTRITO DE SAN JUAN BAUTISTA
442,VIOLENCIA FAMILIAR,JR. CRISTO REY N°240,2,IV,,B,,2,DISTRITO DE SAN JUAN BAUTISTA
443,VIOLENCIA FAMILIAR,JR. ROSALES,1,,,,,3,DISTRITO DE SAN JUAN BAUTISTA
444,VIOLENCIA FAMILIAR,JT. YAUYOS,2,II,,,C,6,DISTRITO DE SAN JUAN BAUTISTA
445,VIOLENCIA FAMILIAR,PAQUE QUIÑONES,3,II,A,,,2,DISTRITO DE SAN JUAN BAUTISTA
446,AGRECION,FALDERIA DEL CERRO ACUCHIMAY,2,I,,B,,4,DISTRITO DE SAN JUAN BAUTISTA
447,APOYO CIUDADANO,JR. HUALLAGA,2,III,A,,,3,DISTRITO DE SAN JUAN BAUTISTA
448,APOYO CIUDADANO,SKATE PARK,2,II,,,C,2,DISTRITO DE SAN JUAN BAUTISTA
449,APOYO TRASL. POR SALUD,JR. LA MAR,2,1,A,,,2,DISTRITO DE SAN JUAN BAUTISTA
450,CHOQUE DE VEHICULOS,AV. LAS MALVINAS,2,II,,B,,6,DISTRITO DE SAN JUAN BAUTISTA
451,FALTA CONTRA LA PER.,PARQUE QUIÑONES,2,II,A,,,5,DISTRITO DE SAN JUAN BAUTISTA
452,PELEA CALLEJERA,AV. CUSCO,2,,,,,4,DISTRITO DE SAN JUAN BAUTISTA
453,VEHICULO ABANDONADO,JR. JOSE OYALA,2,,,,,3,DISTRITO DE SAN JUAN BAUTISTA
454,VIOLENCIA FAMILIAR,JR. CESAR VALLEJO,2,,,,,6,DISTRITO DE SAN JUAN BAUTISTA
455,VIOLENCIA FAMILIAR,PSJ. PURICULTORIO,2,II,,,C,9,DISTRITO DE SAN JUAN BAUTISTA
456,VIOLENCIA FAMILIAR,AV. 8 DE DICIEMBRE ( LAS AMERICAS),3,IV,A,,,8,DISTRITO DE SAN JUAN BAUTISTA
457,VIOLENCIA FAMILIAR,PAJ. INFIERNILLO N° 120,3,IV,,B,,7,DISTRITO DE SAN JUAN BAUTISTA
458,AGRECION,ASOC. LOS LICENCIADOS,1,,,,,8,DISTRITO DE SAN JUAN BAUTISTA
459,AGRECION,AV. LAS AMERICAS,1,II,A,,,2,DISTRITO DE SAN JUAN BAUTISTA
460,AGRECION,VILLA LOS WARPAS,1,IV,A,,,10,DISTRITO DE SAN JUAN BAUTISTA
461,ALCOHOLISMO,AV. JAVIER HERAUD,1,,,,,4,DISTRITO DE SAN JUAN BAUTISTA
462,ALCOHOLISMO MEN,ARCO MAGISTERIAL,1,IV,A,,,6,DISTRITO DE SAN JUAN BAUTISTA
463,ALCOHOLISMO MEN,VILLA LOS WARPAS,1,IV,A,,,10,DISTRITO DE SAN JUAN BAUTISTA
464,APOYO CIUDADANO,AV. ARENALES,1,II,,,C,6,DISTRITO DE SAN JUAN BAUTISTA
465,CHOQUE DE VEHICULOS,AV.FRASCISCO BOLOGNESI ,2,II,A,,,5,DISTRITO DE SAN JUAN BAUTISTA
466,CHOQUE DE VEHICULOS,JR. LUISANA,1,III,A,,,6,DISTRITO DE SAN JUAN BAUTISTA
467,NIÑO ABANDONADO,AV. FRANCISCO BOLOGNESI,1,II,A,,,10,DISTRITO DE SAN JUAN BAUTISTA
468,NIÑO ABANDONADO,AV. SANTA ROSA,1,,,,,3,DISTRITO DE SAN JUAN BAUTISTA
469,NIÑO ABANDONADO,JR. LA MAR,1,I,,B,,4,DISTRITO DE SAN JUAN BAUTISTA
470,ROBO,ASC. LA VICTORIA,1,II,A,,,7,DISTRITO DE SAN JUAN BAUTISTA
471,ROBO,JR. ALFONSO UGARTE,1,,,,,3,DISTRITO DE SAN JUAN BAUTISTA
472,ROBO,JR. MOCHICA,1,II,,,C,6,DISTRITO DE SAN JUAN BAUTISTA
473,ROBO,PARQUE SAN JUAN BAUTISTA,1,I,,B,,5,DISTRITO DE SAN JUAN BAUTISTA
474,VEHICULO ABANDONADO,JR. SANTOS ATAHUALPA,1,I,A,,,10,DISTRITO DE SAN JUAN BAUTISTA
475,VEHICULO ABANDONADO,OME SAN LUIS DE TINAJERAS,1,III,A,,,3,DISTRITO DE SAN JUAN BAUTISTA
476,VIOLENCIA FAMILIAR,AV. LOS JARDINES,1,II,,,C,4,DISTRITO DE SAN JUAN BAUTISTA
477,VIOLENCIA FAMILIAR,AV. SAN FRANCISCO,1,III,A,,,5,DISTRITO DE SAN JUAN BAUTISTA
478,VIOLENCIA FAMILIAR,JR. CALVARIO N° 384,1,III,A,,,6,DISTRITO DE SAN JUAN BAUTISTA
479,VIOLENCIA FAMILIAR,JR. PIZARRO N° 240,2,,,,,7,DISTRITO DE SAN JUAN BAUTISTA
480,VIOLENCIA FAMILIAR,JR. SUCRE (PUCA-PUCA),2,III,A,,,3,DISTRITO DE SAN JUAN BAUTISTA
481,VIOLENCIA FAMILIAR,LOS LICENCIADOS MZ D LT 16,1,,,,,10,DISTRITO DE SAN JUAN BAUTISTA
482,VIOLENCIA FAMILIAR,PSJ. MARIA PARADO DE BELLIDO MZ H LT 5,1,,,,,3,DISTRITO DE SAN JUAN BAUTISTA
483,AGRECION,JR. GARDENIAS,3,,,,,3,DISTRITO DE SAN JUAN BAUTISTA
484,CHOQUE DE VEHICULOS,AV. CUSCO,2,II,A,,,7,DISTRITO DE SAN JUAN BAUTISTA
485,CHOQUE DE VEHICULOS,AV. SANTA ROSA,2,III,,B,,8,DISTRITO DE SAN JUAN BAUTISTA
486,CHOQUE DE VEHICULOS,GRIFO LAS AMERICAS,2,IV,,B,,6,DISTRITO DE SAN JUAN BAUTISTA
487,FALTA CONTRA LA PER.,CHAQUI HUAYCO,2,III,,B,,10,DISTRITO DE SAN JUAN BAUTISTA
488,VIOLENCIA FAMILIAR,JR. SAPO SOA MZ T1 LT 10,2,III,,A,,1,DISTRITO DE SAN JUAN BAUTISTA
